{"CE": {"Mmax": -0.5054364941584185, "Mup": 100.0, "qmax": 13.347090269689224, "qup": 1.0, "zmax": 14.035571191869641, "zup": 10.0},
"CHE": {"Mmax": -0.48140259020109855, "Mup": 100.0, "qmax": 14.019699977622743, "qup": 1.0, "zmax": 8.619446200396384, "zup": 10.0},
"GC": {"Mmax": 0.8314774169305883, "Mup": 100.0, "qmax": 6.9077552789822825, "qup": 1.001, "zmax": 4.227079814815771, "zup": 10.0},
"NSC": {"Mmax": 2.372499132896851, "Mup": 100.0, "qmax": 9.049909624455028, "qup": 1.0, "zmax": 0.6363311719899155, "zup": 10.0},
"SMT": {"Mmax": -0.5066373598114975, "Mup": 100.0, "qmax": 11.735077792414073, "qup": 1.0, "zmax": 7.097031924467128, "zup": 10.0}}