{"CE": {"flow KL": {"(0.0,0.2)": 2.3903311567379437, "(0.1,0.2)": 2.240684389117855, "(0.2,0.2)": 2.2542668145283575, "(0.5,0.2)": 2.027187254443036, "(0.0,0.5)": 4.892808449269042, "(0.1,0.5)": 4.614097094541905, "(0.2,0.5)": 4.415737894409576, "(0.5,0.5)": 3.655377545750881, "(0.0,1.0)": 4.61825875717675, "(0.1,1.0)": 4.308960302794837, "(0.2,1.0)": 4.1305698277455445, "(0.5,1.0)": 3.5110381224425846, "(0.0,2.0)": 4.780248595704146, "(0.1,2.0)": 4.483781330303358, "(0.2,2.0)": 4.353882460914076, "(0.5,2.0)": 3.632078553872148, "(0.0,5.0)": 4.373935431816702, "(0.1,5.0)": 3.792592569714658, "(0.2,5.0)": 3.4316623092371206, "(0.5,5.0)": 2.3566940030746717},
 "KDE KL": {"(0.0,0.2)": 2.837704836169545, "(0.1,0.2)": 2.8079038123348297, "(0.2,0.2)": 2.797691660737109, "(0.5,0.2)": 2.573569517252282, "(0.0,0.5)": 4.884592685276921, "(0.1,0.5)": 4.774990572142783, "(0.2,0.5)": 4.654763604805838, "(0.5,0.5)": 4.141825531622226, "(0.0,1.0)": 4.800315227698632, "(0.1,1.0)": 4.6729504825972334, "(0.2,1.0)": 4.551269634804491, "(0.5,1.0)": 4.035549081053244, "(0.0,2.0)": 4.966721110615122, "(0.1,2.0)": 4.8076596897046215, "(0.2,2.0)": 4.704485502289377, "(0.5,2.0)": 4.061020613292307, "(0.0,5.0)": 4.474504517748226, "(0.1,5.0)": 4.188757638022567, "(0.2,5.0)": 3.9193467415411387, "(0.5,5.0)": 3.06983706622174},
 "flow KS": {"(0.0,0.2)": 0.01477, "(0.1,0.2)": 0.010439999999999998, "(0.2,0.2)": 0.008239999999999997, "(0.5,0.2)": 0.01711, "(0.0,0.5)": 0.010719999999999952, "(0.1,0.5)": 0.009200000000000014, "(0.2,0.5)": 0.011330000000000007, "(0.5,0.5)": 0.01876, "(0.0,1.0)": 0.00708999999999993, "(0.1,1.0)": 0.009319999999999995, "(0.2,1.0)": 0.010110000000000008, "(0.5,1.0)": 0.021709999999999993, "(0.0,2.0)": 0.010209999999999997, "(0.1,2.0)": 0.00936999999999999, "(0.2,2.0)": 0.01174, "(0.5,2.0)": 0.02013000000000001, "(0.0,5.0)": 0.01039, "(0.1,5.0)": 0.008039999999999992, "(0.2,5.0)": 0.008740000000000012, "(0.5,5.0)": 0.02843000000000001},
 "KDE KS": {"(0.0,0.2)": 0.12627000000000002, "(0.1,0.2)": 0.12786, "(0.2,0.2)": 0.1305, "(0.5,0.2)": 0.14432, "(0.0,0.5)": 0.04023, "(0.1,0.5)": 0.08407999999999999, "(0.2,0.5)": 0.10958000000000001, "(0.5,0.5)": 0.18556, "(0.0,1.0)": 0.08473, "(0.1,1.0)": 0.12709, "(0.2,1.0)": 0.14483000000000001, "(0.5,1.0)": 0.20156999999999997, "(0.0,2.0)": 0.0535, "(0.1,2.0)": 0.08178, "(0.2,2.0)": 0.09261, "(0.5,2.0)": 0.18605999999999995, "(0.0,5.0)": 0.06925, "(0.1,5.0)": 0.09021000000000001, "(0.2,5.0)": 0.11093999999999998, "(0.5,5.0)": 0.22035000000000005}},
 "CHE": {"flow KL": {"0.0": 3.724276913461715, "0.1": 3.9358198748033697, "0.2": 3.7157066103649425, "0.5": 0.6936845547780739},  "KDE KL": {"0.0": 4.305895096844982, "0.1": 4.313923451835632, "0.2": 3.683210267948248, "0.5": 1.7331464279158533}},
 "GC": {"flow KL": {"0.0": -0.552696879571082, "0.1": 1.5281307501517292, "0.2": 1.9810696389952682, "0.5": 2.6937040432481707}, "KDE KL": {"0.0": 1.041789862622808, "0.1": 1.8627805122488381, "0.2": 2.312420955167406, "0.5": 3.095852898209623}},
 "NSC": {"flow KL": {"0.0": -1.3340751493179257, "0.1": -0.07169596654438186, "0.2": 0.14031930589610453, "0.5": 0.6728999356333595}, "KDE KL": {"0.0": 0.10215887885770736, "0.1": 0.5207869539280698, "0.2": 0.6440926396304659, "0.5": 1.0247399996590807}},
 "SMT": {"flow KL": {"0.0": 0.08902402657396032, "0.1": -0.3306551412954876, "0.2": -0.33845895533349407, "0.5": -0.5231677629125511}, "KDE KL": {"0.0": 0.7832737612323813, "0.1": 0.6683451545927293, "0.2": 0.702597140002292, "0.5": 0.6373823849865561}}}